,Fecha,Producto,Cantidad,Precio_Unitario,Vendedor,Region,Total,Mes,Trimestre,Categoria_Venta
0,2023-01-01,Monitor,6,1137.93,María,Sur,6827.58,1,1,Baja
1,2023-01-02,Auriculares,45,79.88,Pedro,Oeste,3594.6,1,1,Baja
2,2023-01-03,Teclado,32,410.32,Laura,Este,13130.24,1,1,Media
3,2023-01-04,Auriculares,30,43.06,Laura,Oeste,1291.8,1,1,Baja
4,2023-01-05,Auriculares,47,752.27,Carlos,Norte,35356.69,1,1,Alta
5,2023-01-06,Mouse,35,719.55,Carlos,Oeste,25184.25,1,1,Alta
6,2023-01-07,Teclado,40,1248.74,Juan,Sur,49949.6,1,1,Alta
7,2023-01-08,Teclado,16,468.59,María,Norte,7497.44,1,1,Baja
8,2023-01-09,Teclado,13,1226.41,Carlos,Sur,15943.33,1,1,Media
9,2023-01-10,Auriculares,42,1452.28,Laura,Sur,60995.76,1,1,Alta
10,2023-01-11,Monitor,30,141.73,Pedro,Norte,4251.9,1,1,Baja
11,2023-01-12,Teclado,19,1189.81,Laura,Sur,22606.39,1,1,Alta
12,2023-01-13,Auriculares,17,889.03,María,Sur,15113.51,1,1,Media
13,2023-01-14,Mouse,19,725.27,Laura,Oeste,13780.13,1,1,Media
14,2023-01-15,Monitor,28,636.6,Juan,Este,17824.8,1,1,Media
15,2023-01-16,Mouse,26,1179.16,María,Sur,30658.16,1,1,Alta
16,2023-01-17,Monitor,37,962.65,Pedro,Sur,35618.05,1,1,Alta
17,2023-01-18,Auriculares,26,1209.52,Juan,Sur,31447.52,1,1,Alta
18,2023-01-19,Laptop,23,1355.7,María,Oeste,31181.1,1,1,Alta
19,2023-01-20,Monitor,9,929.72,Pedro,Este,8367.48,1,1,Baja
20,2023-01-21,Mouse,12,1470.89,Juan,Norte,17650.68,1,1,Media
21,2023-01-22,Auriculares,1,916.05,Juan,Oeste,916.05,1,1,Baja
22,2023-01-23,Monitor,1,958.6,María,Oeste,958.6,1,1,Baja
23,2023-01-24,Laptop,47,836.68,Carlos,Este,39323.96,1,1,Alta
24,2023-01-25,Laptop,34,145.59,Juan,Este,4950.06,1,1,Baja
25,2023-01-26,Teclado,32,1092.33,Juan,Oeste,34954.56,1,1,Alta
26,2023-01-27,Teclado,48,825.69,Pedro,Norte,39633.12,1,1,Alta
27,2023-01-28,Mouse,25,681.86,Laura,Oeste,17046.5,1,1,Media
28,2023-01-29,Monitor,40,1366.6,María,Este,54664.0,1,1,Alta
29,2023-01-30,Monitor,45,453.96,María,Norte,20428.2,1,1,Alta
30,2023-01-31,Teclado,1,790.17,Carlos,Este,790.17,1,1,Baja
31,2023-02-01,Monitor,16,1049.49,Carlos,Norte,16791.84,2,1,Media
32,2023-02-02,Monitor,39,1196.74,María,Sur,46672.86,2,1,Alta
33,2023-02-03,Laptop,5,694.43,Carlos,Este,3472.15,2,1,Baja
34,2023-02-04,Teclado,22,1264.72,Pedro,Este,27823.84,2,1,Alta
35,2023-02-05,Auriculares,29,1155.69,María,Oeste,33515.01,2,1,Alta
36,2023-02-06,Teclado,3,108.69,Carlos,Este,326.07,2,1,Baja
37,2023-02-07,Auriculares,12,78.33,María,Este,939.96,2,1,Baja
38,2023-02-08,Laptop,26,935.0,Laura,Sur,24310.0,2,1,Alta
39,2023-02-09,Mouse,16,527.65,Juan,Este,8442.4,2,1,Baja
40,2023-02-10,Monitor,37,321.6,María,Sur,11899.2,2,1,Media
41,2023-02-11,Laptop,22,873.68,Juan,Sur,19220.96,2,1,Media
42,2023-02-12,Monitor,29,518.93,Carlos,Sur,15048.97,2,1,Media
43,2023-02-13,Mouse,14,810.52,Juan,Sur,11347.28,2,1,Media
44,2023-02-14,Mouse,28,695.58,María,Norte,19476.24,2,1,Media
45,2023-02-15,Laptop,5,881.3,Laura,Oeste,4406.5,2,1,Baja
46,2023-02-16,Mouse,47,606.45,Carlos,Norte,28503.15,2,1,Alta
47,2023-02-17,Auriculares,49,1049.52,María,Este,51426.48,2,1,Alta
48,2023-02-18,Mouse,30,278.3,Carlos,Norte,8349.0,2,1,Baja
49,2023-02-19,Monitor,46,1047.79,Pedro,Norte,48198.34,2,1,Alta
50,2023-02-20,Monitor,5,623.38,Juan,Este,3116.9,2,1,Baja
51,2023-02-21,Monitor,12,1312.73,Pedro,Este,15752.76,2,1,Media
52,2023-02-22,Monitor,16,777.7,María,Este,12443.2,2,1,Media
53,2023-02-23,Auriculares,26,1459.93,Laura,Norte,37958.18,2,1,Alta
54,2023-02-24,Teclado,26,906.88,Carlos,Norte,23578.88,2,1,Alta
55,2023-02-25,Laptop,48,343.54,Juan,Este,16489.92,2,1,Media
56,2023-02-26,Monitor,21,1234.47,Carlos,Oeste,25923.87,2,1,Alta
57,2023-02-27,Mouse,39,524.17,María,Oeste,20442.63,2,1,Alta
58,2023-02-28,Monitor,36,527.95,Carlos,Sur,19006.2,2,1,Media
59,2023-03-01,Mouse,33,57.39,Juan,Este,1893.87,3,1,Baja
60,2023-03-02,Mouse,30,827.59,María,Sur,24827.7,3,1,Alta
61,2023-03-03,Monitor,37,806.29,Carlos,Oeste,29832.73,3,1,Alta
62,2023-03-04,Auriculares,23,540.43,Laura,Sur,12429.89,3,1,Media
63,2023-03-05,Mouse,10,1342.38,María,Este,13423.8,3,1,Media
64,2023-03-06,Mouse,5,201.84,María,Este,1009.2,3,1,Baja
65,2023-03-07,Monitor,36,501.85,Laura,Este,18066.6,3,1,Media
66,2023-03-08,Mouse,34,489.16,Pedro,Norte,16631.44,3,1,Media
67,2023-03-09,Mouse,31,147.51,Juan,Sur,4572.81,3,1,Baja
68,2023-03-10,Monitor,10,726.91,Pedro,Oeste,7269.1,3,1,Baja
69,2023-03-11,Monitor,19,1034.8,Carlos,Oeste,19661.2,3,1,Media
70,2023-03-12,Laptop,32,772.37,Laura,Oeste,24715.84,3,1,Alta
71,2023-03-13,Auriculares,1,243.9,Pedro,Norte,243.9,3,1,Baja
72,2023-03-14,Auriculares,5,572.16,María,Norte,2860.8,3,1,Baja
73,2023-03-15,Mouse,45,13.87,Carlos,Este,624.15,3,1,Baja
74,2023-03-16,Auriculares,4,1303.77,Carlos,Oeste,5215.08,3,1,Baja
75,2023-03-17,Mouse,16,135.93,Pedro,Norte,2174.88,3,1,Baja
76,2023-03-18,Laptop,24,899.94,Pedro,Este,21598.56,3,1,Alta
77,2023-03-19,Monitor,16,1479.52,Laura,Oeste,23672.32,3,1,Alta
78,2023-03-20,Monitor,2,809.52,Juan,Sur,1619.04,3,1,Baja
79,2023-03-21,Monitor,49,1386.82,Pedro,Este,67954.18,3,1,Alta
80,2023-03-22,Auriculares,28,361.81,Pedro,Norte,10130.68,3,1,Media
81,2023-03-23,Laptop,32,1142.33,María,Norte,36554.56,3,1,Alta
82,2023-03-24,Auriculares,27,801.59,Carlos,Este,21642.93,3,1,Alta
83,2023-03-25,Auriculares,20,1083.57,Juan,Este,21671.4,3,1,Alta
84,2023-03-26,Laptop,24,102.89,María,Norte,2469.36,3,1,Baja
85,2023-03-27,Laptop,12,230.13,Laura,Sur,2761.56,3,1,Baja
86,2023-03-28,Laptop,35,208.34,Laura,Oeste,7291.9,3,1,Baja
87,2023-03-29,Laptop,33,1033.88,Pedro,Sur,34118.04,3,1,Alta
88,2023-03-30,Monitor,33,1268.22,Pedro,Este,41851.26,3,1,Alta
89,2023-03-31,Teclado,43,1126.93,Laura,Sur,48457.99,3,1,Alta
90,2023-04-01,Teclado,37,55.4,Pedro,Norte,2049.8,4,2,Baja
91,2023-04-02,Laptop,12,1302.15,Juan,Este,15625.8,4,2,Media
92,2023-04-03,Teclado,3,537.68,Pedro,Oeste,1613.04,4,2,Baja
93,2023-04-04,Teclado,1,601.77,Carlos,Norte,601.77,4,2,Baja
94,2023-04-05,Laptop,33,166.26,Pedro,Norte,5486.58,4,2,Baja
95,2023-04-06,Teclado,40,1108.73,María,Oeste,44349.2,4,2,Alta
96,2023-04-07,Auriculares,10,281.6,Juan,Oeste,2816.0,4,2,Baja
97,2023-04-08,Mouse,43,850.31,María,Sur,36563.33,4,2,Alta
98,2023-04-09,Mouse,44,1262.66,María,Este,55557.04,4,2,Alta
99,2023-04-10,Laptop,29,142.91,Carlos,Oeste,4144.39,4,2,Baja
100,2023-04-11,Monitor,13,807.65,Juan,Oeste,10499.45,4,2,Media
101,2023-04-12,Laptop,12,357.49,Juan,Este,4289.88,4,2,Baja
102,2023-04-13,Monitor,31,520.96,Juan,Oeste,16149.76,4,2,Media
103,2023-04-14,Mouse,46,716.22,Juan,Oeste,32946.12,4,2,Alta
104,2023-04-15,Laptop,2,539.11,Juan,Sur,1078.22,4,2,Baja
105,2023-04-16,Auriculares,35,976.75,Carlos,Norte,34186.25,4,2,Alta
106,2023-04-17,Teclado,23,724.58,Pedro,Norte,16665.34,4,2,Media
107,2023-04-18,Monitor,17,880.46,María,Norte,14967.82,4,2,Media
108,2023-04-19,Teclado,26,1107.87,Juan,Norte,28804.62,4,2,Alta
109,2023-04-20,Teclado,8,841.04,Pedro,Oeste,6728.32,4,2,Baja
110,2023-04-21,Laptop,29,883.94,Pedro,Este,25634.26,4,2,Alta
111,2023-04-22,Teclado,26,851.04,María,Este,22127.04,4,2,Alta
112,2023-04-23,Auriculares,10,574.37,Carlos,Sur,5743.7,4,2,Baja
113,2023-04-24,Teclado,26,512.8,Laura,Sur,13332.8,4,2,Media
114,2023-04-25,Laptop,34,1350.47,Laura,Oeste,45915.98,4,2,Alta
115,2023-04-26,Auriculares,41,915.26,Pedro,Este,37525.66,4,2,Alta
116,2023-04-27,Mouse,7,374.09,María,Este,2618.63,4,2,Baja
117,2023-04-28,Teclado,4,752.39,Laura,Norte,3009.56,4,2,Baja
118,2023-04-29,Laptop,45,502.22,Pedro,Oeste,22599.9,4,2,Alta
119,2023-04-30,Mouse,11,1401.2,Carlos,Oeste,15413.2,4,2,Media
120,2023-05-01,Mouse,29,21.23,Laura,Norte,615.67,5,2,Baja
121,2023-05-02,Monitor,36,345.75,Pedro,Oeste,12447.0,5,2,Media
122,2023-05-03,Auriculares,25,554.38,Pedro,Oeste,13859.5,5,2,Media
123,2023-05-04,Teclado,21,736.84,Juan,Sur,15473.64,5,2,Media
124,2023-05-05,Laptop,36,1277.72,Carlos,Este,45997.92,5,2,Alta
125,2023-05-06,Monitor,10,140.95,Juan,Oeste,1409.5,5,2,Baja
126,2023-05-07,Auriculares,37,1210.74,María,Sur,44797.38,5,2,Alta
127,2023-05-08,Monitor,9,92.92,Juan,Este,836.28,5,2,Baja
128,2023-05-09,Auriculares,24,1265.05,Juan,Norte,30361.2,5,2,Alta
129,2023-05-10,Auriculares,35,86.94,Laura,Sur,3042.9,5,2,Baja
130,2023-05-11,Teclado,49,37.18,Pedro,Sur,1821.82,5,2,Baja
131,2023-05-12,Auriculares,35,1048.47,Carlos,Este,36696.45,5,2,Alta
132,2023-05-13,Monitor,48,1495.91,Juan,Norte,71803.68,5,2,Alta
133,2023-05-14,Auriculares,36,1345.95,Carlos,Sur,48454.2,5,2,Alta
134,2023-05-15,Teclado,18,868.24,Juan,Oeste,15628.32,5,2,Media
135,2023-05-16,Teclado,49,1376.92,María,Oeste,67469.08,5,2,Alta
136,2023-05-17,Monitor,39,17.9,Juan,Oeste,698.1,5,2,Baja
137,2023-05-18,Mouse,32,1462.85,Laura,Norte,46811.2,5,2,Alta
138,2023-05-19,Mouse,24,741.22,Pedro,Sur,17789.28,5,2,Media
139,2023-05-20,Auriculares,23,1087.12,María,Oeste,25003.76,5,2,Alta
140,2023-05-21,Laptop,32,1233.08,Juan,Norte,39458.56,5,2,Alta
141,2023-05-22,Auriculares,37,1080.5,Carlos,Oeste,39978.5,5,2,Alta
142,2023-05-23,Monitor,12,807.2,María,Este,9686.4,5,2,Baja
143,2023-05-24,Monitor,49,720.16,María,Sur,35287.84,5,2,Alta
144,2023-05-25,Monitor,13,1259.49,Juan,Sur,16373.37,5,2,Media
145,2023-05-26,Monitor,23,315.57,María,Norte,7258.11,5,2,Baja
146,2023-05-27,Monitor,25,1452.31,Carlos,Norte,36307.75,5,2,Alta
147,2023-05-28,Teclado,35,1069.32,María,Sur,37426.2,5,2,Alta
148,2023-05-29,Mouse,41,307.27,Carlos,Oeste,12598.07,5,2,Media
149,2023-05-30,Monitor,30,1107.01,Juan,Oeste,33210.3,5,2,Alta
150,2023-05-31,Laptop,17,799.46,Pedro,Este,13590.82,5,2,Media
151,2023-06-01,Laptop,49,1063.77,María,Oeste,52124.73,6,2,Alta
152,2023-06-02,Laptop,20,1153.99,Pedro,Norte,23079.8,6,2,Alta
153,2023-06-03,Laptop,48,140.06,Carlos,Norte,6722.88,6,2,Baja
154,2023-06-04,Teclado,25,764.09,María,Oeste,19102.25,6,2,Media
155,2023-06-05,Laptop,22,1398.7,Laura,Norte,30771.4,6,2,Alta
156,2023-06-06,Monitor,13,487.76,Pedro,Sur,6340.88,6,2,Baja
157,2023-06-07,Auriculares,19,894.89,María,Sur,17002.91,6,2,Media
158,2023-06-08,Laptop,49,560.15,Pedro,Oeste,27447.35,6,2,Alta
159,2023-06-09,Teclado,36,686.86,María,Sur,24726.96,6,2,Alta
160,2023-06-10,Teclado,12,827.42,Juan,Sur,9929.04,6,2,Baja
161,2023-06-11,Laptop,41,827.89,Pedro,Este,33943.49,6,2,Alta
162,2023-06-12,Auriculares,19,310.58,Laura,Este,5901.02,6,2,Baja
163,2023-06-13,Laptop,12,1030.01,Laura,Sur,12360.12,6,2,Media
164,2023-06-14,Teclado,9,140.92,Carlos,Oeste,1268.28,6,2,Baja
165,2023-06-15,Mouse,7,216.85,María,Este,1517.95,6,2,Baja
166,2023-06-16,Monitor,28,14.04,Pedro,Norte,393.12,6,2,Baja
167,2023-06-17,Teclado,14,183.88,Carlos,Norte,2574.32,6,2,Baja
168,2023-06-18,Laptop,31,715.02,Pedro,Norte,22165.62,6,2,Alta
169,2023-06-19,Monitor,19,913.09,María,Oeste,17348.71,6,2,Media
170,2023-06-20,Laptop,47,1193.49,Laura,Sur,56094.03,6,2,Alta
171,2023-06-21,Laptop,16,168.98,Juan,Norte,2703.68,6,2,Baja
172,2023-06-22,Mouse,5,1277.58,Laura,Oeste,6387.9,6,2,Baja
173,2023-06-23,Monitor,35,1121.5,Carlos,Este,39252.5,6,2,Alta
174,2023-06-24,Monitor,12,618.69,Juan,Sur,7424.28,6,2,Baja
175,2023-06-25,Mouse,25,1400.08,Carlos,Este,35002.0,6,2,Alta
176,2023-06-26,Teclado,21,1486.48,María,Oeste,31216.08,6,2,Alta
177,2023-06-27,Laptop,36,315.45,Juan,Norte,11356.2,6,2,Media
178,2023-06-28,Auriculares,23,575.05,Carlos,Norte,13226.15,6,2,Media
179,2023-06-29,Laptop,16,1390.41,María,Oeste,22246.56,6,2,Alta
180,2023-06-30,Laptop,39,1085.18,Laura,Norte,42322.02,6,2,Alta
181,2023-07-01,Teclado,45,81.66,María,Sur,3674.7,7,3,Baja
182,2023-07-02,Laptop,42,1174.46,Pedro,Oeste,49327.32,7,3,Alta
183,2023-07-03,Mouse,39,1243.63,María,Este,48501.57,7,3,Alta
184,2023-07-04,Mouse,14,1128.25,María,Oeste,15795.5,7,3,Media
185,2023-07-05,Monitor,31,1201.31,Pedro,Sur,37240.61,7,3,Alta
186,2023-07-06,Auriculares,5,1239.45,Carlos,Sur,6197.25,7,3,Baja
187,2023-07-07,Laptop,35,287.74,Carlos,Oeste,10070.9,7,3,Media
188,2023-07-08,Laptop,23,361.18,María,Oeste,8307.14,7,3,Baja
189,2023-07-09,Teclado,29,954.3,Pedro,Norte,27674.7,7,3,Alta
190,2023-07-10,Mouse,43,1362.72,Pedro,Sur,58596.96,7,3,Alta
191,2023-07-11,Auriculares,11,481.13,Laura,Oeste,5292.43,7,3,Baja
192,2023-07-12,Monitor,18,886.58,Carlos,Oeste,15958.44,7,3,Media
193,2023-07-13,Mouse,47,1027.64,Juan,Sur,48299.08,7,3,Alta
194,2023-07-14,Monitor,12,683.4,Carlos,Oeste,8200.8,7,3,Baja
195,2023-07-15,Teclado,9,1073.54,Carlos,Norte,9661.86,7,3,Baja
196,2023-07-16,Teclado,10,1350.5,Laura,Sur,13505.0,7,3,Media
197,2023-07-17,Laptop,44,939.91,Juan,Norte,41356.04,7,3,Alta
198,2023-07-18,Auriculares,17,814.27,Laura,Norte,13842.59,7,3,Media
199,2023-07-19,Monitor,38,663.73,Juan,Norte,25221.74,7,3,Alta
200,2023-07-20,Mouse,7,870.45,María,Norte,6093.15,7,3,Baja
201,2023-07-21,Teclado,46,539.49,Juan,Sur,24816.54,7,3,Alta
202,2023-07-22,Laptop,13,593.31,Laura,Norte,7713.03,7,3,Baja
203,2023-07-23,Laptop,40,802.47,Carlos,Norte,32098.8,7,3,Alta
204,2023-07-24,Monitor,42,109.26,Juan,Oeste,4588.92,7,3,Baja
205,2023-07-25,Teclado,9,351.25,Juan,Sur,3161.25,7,3,Baja
206,2023-07-26,Auriculares,27,818.85,Pedro,Sur,22108.95,7,3,Alta
207,2023-07-27,Teclado,2,652.98,Carlos,Este,1305.96,7,3,Baja
208,2023-07-28,Monitor,5,505.9,María,Sur,2529.5,7,3,Baja
209,2023-07-29,Monitor,29,1098.52,Laura,Sur,31857.08,7,3,Alta
210,2023-07-30,Teclado,37,1043.64,María,Este,38614.68,7,3,Alta
211,2023-07-31,Monitor,38,258.43,Carlos,Sur,9820.34,7,3,Baja
212,2023-08-01,Teclado,19,1319.16,Juan,Sur,25064.04,8,3,Alta
213,2023-08-02,Mouse,8,748.18,Juan,Sur,5985.44,8,3,Baja
214,2023-08-03,Teclado,48,1114.78,Carlos,Sur,53509.44,8,3,Alta
215,2023-08-04,Teclado,45,863.99,Juan,Este,38879.55,8,3,Alta
216,2023-08-05,Monitor,1,1496.56,Juan,Sur,1496.56,8,3,Baja
217,2023-08-06,Monitor,22,1131.08,Juan,Sur,24883.76,8,3,Alta
218,2023-08-07,Laptop,17,1063.4,Laura,Este,18077.8,8,3,Media
219,2023-08-08,Laptop,7,1170.07,Laura,Oeste,8190.49,8,3,Baja
220,2023-08-09,Mouse,25,223.26,Pedro,Norte,5581.5,8,3,Baja
221,2023-08-10,Laptop,45,314.77,María,Oeste,14164.65,8,3,Media
222,2023-08-11,Teclado,4,1073.96,Carlos,Este,4295.84,8,3,Baja
223,2023-08-12,Monitor,36,746.03,Carlos,Norte,26857.08,8,3,Alta
224,2023-08-13,Laptop,6,1134.41,Carlos,Este,6806.46,8,3,Baja
225,2023-08-14,Laptop,31,163.34,Pedro,Este,5063.54,8,3,Baja
226,2023-08-15,Mouse,19,809.36,Laura,Sur,15377.84,8,3,Media
227,2023-08-16,Mouse,44,574.44,Pedro,Norte,25275.36,8,3,Alta
228,2023-08-17,Teclado,39,690.93,Carlos,Sur,26946.27,8,3,Alta
229,2023-08-18,Monitor,27,909.9,María,Norte,24567.3,8,3,Alta
230,2023-08-19,Mouse,10,758.41,Juan,Este,7584.1,8,3,Baja
231,2023-08-20,Laptop,26,814.39,Laura,Este,21174.14,8,3,Alta
232,2023-08-21,Monitor,19,734.67,Laura,Oeste,13958.73,8,3,Media
233,2023-08-22,Monitor,39,619.34,Pedro,Norte,24154.26,8,3,Alta
234,2023-08-23,Laptop,3,1160.1,Laura,Sur,3480.3,8,3,Baja
235,2023-08-24,Mouse,45,28.18,Carlos,Oeste,1268.1,8,3,Baja
236,2023-08-25,Laptop,13,901.68,Carlos,Oeste,11721.84,8,3,Media
237,2023-08-26,Monitor,28,852.61,Pedro,Oeste,23873.08,8,3,Alta
238,2023-08-27,Auriculares,20,1077.11,Carlos,Sur,21542.2,8,3,Alta
239,2023-08-28,Auriculares,28,902.55,María,Oeste,25271.4,8,3,Alta
240,2023-08-29,Teclado,8,1241.93,Pedro,Sur,9935.44,8,3,Baja
241,2023-08-30,Laptop,41,1439.02,María,Oeste,58999.82,8,3,Alta
242,2023-08-31,Laptop,39,520.36,Juan,Sur,20294.04,8,3,Alta
243,2023-09-01,Teclado,1,348.75,María,Este,348.75,9,3,Baja
244,2023-09-02,Teclado,3,641.16,Juan,Este,1923.48,9,3,Baja
245,2023-09-03,Teclado,13,439.02,Juan,Este,5707.26,9,3,Baja
246,2023-09-04,Monitor,28,926.28,María,Este,25935.84,9,3,Alta
247,2023-09-05,Laptop,49,1368.66,Pedro,Este,67064.34,9,3,Alta
248,2023-09-06,Monitor,25,217.28,Carlos,Oeste,5432.0,9,3,Baja
249,2023-09-07,Teclado,33,160.18,Carlos,Oeste,5285.94,9,3,Baja
250,2023-09-08,Laptop,38,391.46,Juan,Oeste,14875.48,9,3,Media
251,2023-09-09,Monitor,6,1091.88,Juan,Sur,6551.28,9,3,Baja
252,2023-09-10,Monitor,44,893.51,Pedro,Sur,39314.44,9,3,Alta
253,2023-09-11,Teclado,45,162.3,Laura,Sur,7303.5,9,3,Baja
254,2023-09-12,Laptop,32,1378.94,María,Sur,44126.08,9,3,Alta
255,2023-09-13,Teclado,45,1187.23,Juan,Este,53425.35,9,3,Alta
256,2023-09-14,Laptop,47,44.3,Carlos,Este,2082.1,9,3,Baja
257,2023-09-15,Auriculares,21,980.54,Pedro,Este,20591.34,9,3,Alta
258,2023-09-16,Mouse,16,1159.16,María,Norte,18546.56,9,3,Media
259,2023-09-17,Mouse,21,567.91,Pedro,Oeste,11926.11,9,3,Media
260,2023-09-18,Mouse,11,112.69,María,Sur,1239.59,9,3,Baja
261,2023-09-19,Teclado,37,125.21,María,Sur,4632.77,9,3,Baja
262,2023-09-20,Auriculares,36,165.33,Juan,Este,5951.88,9,3,Baja
263,2023-09-21,Laptop,35,1262.26,Pedro,Sur,44179.1,9,3,Alta
264,2023-09-22,Monitor,19,1366.92,Pedro,Sur,25971.48,9,3,Alta
265,2023-09-23,Laptop,20,192.99,Carlos,Oeste,3859.8,9,3,Baja
266,2023-09-24,Monitor,18,361.5,Carlos,Este,6507.0,9,3,Baja
267,2023-09-25,Laptop,47,256.63,Juan,Oeste,12061.61,9,3,Media
268,2023-09-26,Auriculares,41,287.62,Juan,Norte,11792.42,9,3,Media
269,2023-09-27,Monitor,49,1257.86,Laura,Norte,61635.14,9,3,Alta
270,2023-09-28,Teclado,14,504.9,Carlos,Norte,7068.6,9,3,Baja
271,2023-09-29,Laptop,15,474.05,María,Este,7110.75,9,3,Baja
272,2023-09-30,Laptop,31,348.82,Pedro,Sur,10813.42,9,3,Media
273,2023-10-01,Monitor,1,915.76,Juan,Este,915.76,10,4,Baja
274,2023-10-02,Teclado,3,575.17,Pedro,Este,1725.51,10,4,Baja
275,2023-10-03,Teclado,16,1118.93,Pedro,Sur,17902.88,10,4,Media
276,2023-10-04,Auriculares,23,316.31,Laura,Oeste,7275.13,10,4,Baja
277,2023-10-05,Teclado,11,1183.81,Carlos,Norte,13021.91,10,4,Media
278,2023-10-06,Teclado,12,909.55,Juan,Oeste,10914.6,10,4,Media
279,2023-10-07,Teclado,10,180.26,Pedro,Norte,1802.6,10,4,Baja
280,2023-10-08,Mouse,32,627.61,Juan,Este,20083.52,10,4,Alta
281,2023-10-09,Auriculares,16,1296.64,María,Norte,20746.24,10,4,Alta
282,2023-10-10,Laptop,8,1385.21,Laura,Este,11081.68,10,4,Media
283,2023-10-11,Monitor,38,703.89,María,Oeste,26747.82,10,4,Alta
284,2023-10-12,Laptop,12,726.45,Juan,Este,8717.4,10,4,Baja
285,2023-10-13,Auriculares,24,1378.5,Juan,Oeste,33084.0,10,4,Alta
286,2023-10-14,Monitor,28,884.73,Carlos,Sur,24772.44,10,4,Alta
287,2023-10-15,Auriculares,8,58.94,Pedro,Sur,471.52,10,4,Baja
288,2023-10-16,Teclado,28,1370.0,Pedro,Sur,38360.0,10,4,Alta
289,2023-10-17,Monitor,36,379.86,María,Este,13674.96,10,4,Media
290,2023-10-18,Teclado,26,870.67,Laura,Sur,22637.42,10,4,Alta
291,2023-10-19,Laptop,8,256.61,Pedro,Norte,2052.88,10,4,Baja
292,2023-10-20,Laptop,28,60.48,Carlos,Oeste,1693.44,10,4,Baja
293,2023-10-21,Monitor,28,474.1,María,Oeste,13274.8,10,4,Media
294,2023-10-22,Monitor,37,1172.94,María,Norte,43398.78,10,4,Alta
295,2023-10-23,Auriculares,41,423.6,Carlos,Este,17367.6,10,4,Media
296,2023-10-24,Auriculares,36,337.94,Laura,Este,12165.84,10,4,Media
297,2023-10-25,Teclado,27,326.89,Carlos,Oeste,8826.03,10,4,Baja
298,2023-10-26,Monitor,17,777.61,Laura,Sur,13219.37,10,4,Media
299,2023-10-27,Laptop,9,1463.56,Carlos,Este,13172.04,10,4,Media
300,2023-10-28,Auriculares,33,693.89,Carlos,Este,22898.37,10,4,Alta
301,2023-10-29,Auriculares,20,840.38,Juan,Norte,16807.6,10,4,Media
302,2023-10-30,Laptop,13,1292.34,María,Norte,16800.42,10,4,Media
303,2023-10-31,Auriculares,28,807.25,Carlos,Sur,22603.0,10,4,Alta
304,2023-11-01,Teclado,48,284.85,Carlos,Este,13672.8,11,4,Media
305,2023-11-02,Monitor,29,456.4,Pedro,Este,13235.6,11,4,Media
306,2023-11-03,Laptop,13,471.81,María,Norte,6133.53,11,4,Baja
307,2023-11-04,Monitor,46,602.0,Pedro,Este,27692.0,11,4,Alta
308,2023-11-05,Auriculares,35,645.92,María,Oeste,22607.2,11,4,Alta
309,2023-11-06,Auriculares,6,1201.68,Pedro,Norte,7210.08,11,4,Baja
310,2023-11-07,Laptop,18,530.59,Carlos,Sur,9550.62,11,4,Baja
311,2023-11-08,Teclado,5,707.67,Carlos,Norte,3538.35,11,4,Baja
312,2023-11-09,Mouse,47,941.21,Juan,Este,44236.87,11,4,Alta
313,2023-11-10,Laptop,25,572.81,Pedro,Sur,14320.25,11,4,Media
314,2023-11-11,Mouse,2,1256.48,Laura,Norte,2512.96,11,4,Baja
315,2023-11-12,Mouse,10,885.31,Juan,Oeste,8853.1,11,4,Baja
316,2023-11-13,Teclado,30,448.13,Pedro,Oeste,13443.9,11,4,Media
317,2023-11-14,Mouse,45,1073.95,Pedro,Norte,48327.75,11,4,Alta
318,2023-11-15,Mouse,5,796.2,Juan,Oeste,3981.0,11,4,Baja
319,2023-11-16,Teclado,33,806.34,Carlos,Oeste,26609.22,11,4,Alta
320,2023-11-17,Mouse,1,726.82,Pedro,Oeste,726.82,11,4,Baja
321,2023-11-18,Mouse,18,750.55,Carlos,Sur,13509.9,11,4,Media
322,2023-11-19,Mouse,32,1150.38,Juan,Oeste,36812.16,11,4,Alta
323,2023-11-20,Laptop,47,163.44,Carlos,Oeste,7681.68,11,4,Baja
324,2023-11-21,Laptop,49,508.2,María,Oeste,24901.8,11,4,Alta
325,2023-11-22,Laptop,11,122.5,Laura,Sur,1347.5,11,4,Baja
326,2023-11-23,Teclado,21,1132.34,Pedro,Norte,23779.14,11,4,Alta
327,2023-11-24,Auriculares,26,415.73,Laura,Este,10808.98,11,4,Media
328,2023-11-25,Mouse,25,1347.17,Carlos,Oeste,33679.25,11,4,Alta
329,2023-11-26,Mouse,22,794.6,Pedro,Norte,17481.2,11,4,Media
330,2023-11-27,Teclado,27,1203.12,Carlos,Oeste,32484.24,11,4,Alta
331,2023-11-28,Mouse,49,1468.61,María,Sur,71961.89,11,4,Alta
332,2023-11-29,Laptop,13,1261.29,Juan,Norte,16396.77,11,4,Media
333,2023-11-30,Auriculares,33,1301.82,Pedro,Sur,42960.06,11,4,Alta
334,2023-12-01,Monitor,34,617.9,María,Oeste,21008.6,12,4,Alta
335,2023-12-02,Mouse,41,832.07,María,Oeste,34114.87,12,4,Alta
336,2023-12-03,Laptop,35,388.29,Pedro,Sur,13590.15,12,4,Media
337,2023-12-04,Monitor,1,302.21,Carlos,Este,302.21,12,4,Baja
338,2023-12-05,Auriculares,21,763.21,María,Sur,16027.41,12,4,Media
339,2023-12-06,Monitor,48,896.62,Laura,Oeste,43037.76,12,4,Alta
340,2023-12-07,Laptop,6,515.51,María,Sur,3093.06,12,4,Baja
341,2023-12-08,Monitor,28,858.47,Carlos,Este,24037.16,12,4,Alta
342,2023-12-09,Teclado,17,1332.32,Carlos,Sur,22649.44,12,4,Alta
343,2023-12-10,Monitor,5,839.52,Laura,Este,4197.6,12,4,Baja
344,2023-12-11,Mouse,31,1084.01,María,Este,33604.31,12,4,Alta
345,2023-12-12,Mouse,5,1209.92,Carlos,Sur,6049.6,12,4,Baja
346,2023-12-13,Teclado,38,1483.21,Pedro,Sur,56361.98,12,4,Alta
347,2023-12-14,Laptop,3,908.76,Juan,Norte,2726.28,12,4,Baja
348,2023-12-15,Mouse,23,1212.21,Juan,Oeste,27880.83,12,4,Alta
349,2023-12-16,Auriculares,37,1444.35,Juan,Este,53440.95,12,4,Alta
350,2023-12-17,Mouse,37,1417.17,María,Norte,52435.29,12,4,Alta
351,2023-12-18,Mouse,10,220.21,Laura,Sur,2202.1,12,4,Baja
352,2023-12-19,Laptop,10,615.52,Carlos,Oeste,6155.2,12,4,Baja
353,2023-12-20,Monitor,19,492.75,Pedro,Norte,9362.25,12,4,Baja
354,2023-12-21,Mouse,17,139.52,Pedro,Este,2371.84,12,4,Baja
355,2023-12-22,Teclado,21,953.53,María,Norte,20024.13,12,4,Alta
356,2023-12-23,Monitor,14,1106.5,Juan,Este,15491.0,12,4,Media
357,2023-12-24,Auriculares,9,1273.71,María,Sur,11463.39,12,4,Media
358,2023-12-25,Laptop,46,192.94,Laura,Oeste,8875.24,12,4,Baja
359,2023-12-26,Auriculares,1,1315.9,Laura,Oeste,1315.9,12,4,Baja
360,2023-12-27,Monitor,45,967.96,Carlos,Oeste,43558.2,12,4,Alta
361,2023-12-28,Monitor,13,1058.88,Carlos,Sur,13765.44,12,4,Media
362,2023-12-29,Monitor,4,1366.83,Laura,Este,5467.32,12,4,Baja
363,2023-12-30,Auriculares,1,940.89,Laura,Sur,940.89,12,4,Baja
364,2023-12-31,Monitor,49,510.44,Laura,Oeste,25011.56,12,4,Alta
